{
    "ordering": [
        [
            "A1",
            "B1",
            "C1",
            "D1",
            "E1",
            "F1",
            "G1",
            "H1"
        ],
        [
            "A2",
            "B2",
            "C2",
            "D2",
            "E2",
            "F2",
            "G2",
            "H2"
        ],
        [
            "A3",
            "B3",
            "C3",
            "D3",
            "E3",
            "F3",
            "G3",
            "H3"
        ],
        [
            "A4",
            "B4",
            "C4",
            "D4",
            "E4",
            "F4",
            "G4",
            "H4"
        ],
        [
            "A5",
            "B5",
            "C5",
            "D5",
            "E5",
            "F5",
            "G5",
            "H5"
        ],
        [
            "A6",
            "B6",
            "C6",
            "D6",
            "E6",
            "F6",
            "G6",
            "H6"
        ],
        [
            "A7",
            "B7",
            "C7",
            "D7",
            "E7",
            "F7",
            "G7",
            "H7"
        ],
        [
            "A8",
            "B8",
            "C8",
            "D8",
            "E8",
            "F8",
            "G8",
            "H8"
        ],
        [
            "A9",
            "B9",
            "C9",
            "D9",
            "E9",
            "F9",
            "G9",
            "H9"
        ],
        [
            "A10",
            "B10",
            "C10",
            "D10",
            "E10",
            "F10",
            "G10",
            "H10"
        ],
        [
            "A11",
            "B11",
            "C11",
            "D11",
            "E11",
            "F11",
            "G11",
            "H11"
        ],
        [
            "A12",
            "B12",
            "C12",
            "D12",
            "E12",
            "F12",
            "G12",
            "H12"
        ]
    ],
    "brand": {
        "brand": "TipOne",
        "brandId": [
            "S1111-1700"
        ]
    },
    "metadata": {
        "displayName": "TipOne 96 DIY Tip Rack 200 µL",
        "displayCategory": "wellPlate",
        "displayVolumeUnits": "µL",
        "tags": []
    },
    "dimensions": {
        "xDimension": 127.76,
        "yDimension": 85.48,
        "zDimension": 59.5
    },
    "wells": {
        "A1": {
            "depth": 50,
            "totalLiquidVolume": 300,
            "shape": "circular",
            "diameter": 5.23,
            "x": 14.38,
            "y": 74.24,
            "z": 9.5
        },
        "B1": {
            "depth": 50,
            "totalLiquidVolume": 300,
            "shape": "circular",
            "diameter": 5.23,
            "x": 14.38,
            "y": 65.24,
            "z": 9.5
        },
        "C1": {
            "depth": 50,
            "totalLiquidVolume": 300,
            "shape": "circular",
            "diameter": 5.23,
            "x": 14.38,
            "y": 56.24,
            "z": 9.5
        },
        "D1": {
            "depth": 50,
            "totalLiquidVolume": 300,
            "shape": "circular",
            "diameter": 5.23,
            "x": 14.38,
            "y": 47.24,
            "z": 9.5
        },
        "E1": {
            "depth": 50,
            "totalLiquidVolume": 300,
            "shape": "circular",
            "diameter": 5.23,
            "x": 14.38,
            "y": 38.24,
            "z": 9.5
        },
        "F1": {
            "depth": 50,
            "totalLiquidVolume": 300,
            "shape": "circular",
            "diameter": 5.23,
            "x": 14.38,
            "y": 29.24,
            "z": 9.5
        },
        "G1": {
            "depth": 50,
            "totalLiquidVolume": 300,
            "shape": "circular",
            "diameter": 5.23,
            "x": 14.38,
            "y": 20.24,
            "z": 9.5
        },
        "H1": {
            "depth": 50,
            "totalLiquidVolume": 300,
            "shape": "circular",
            "diameter": 5.23,
            "x": 14.38,
            "y": 11.24,
            "z": 9.5
        },
        "A2": {
            "depth": 50,
            "totalLiquidVolume": 300,
            "shape": "circular",
            "diameter": 5.23,
            "x": 23.38,
            "y": 74.24,
            "z": 9.5
        },
        "B2": {
            "depth": 50,
            "totalLiquidVolume": 300,
            "shape": "circular",
            "diameter": 5.23,
            "x": 23.38,
            "y": 65.24,
            "z": 9.5
        },
        "C2": {
            "depth": 50,
            "totalLiquidVolume": 300,
            "shape": "circular",
            "diameter": 5.23,
            "x": 23.38,
            "y": 56.24,
            "z": 9.5
        },
        "D2": {
            "depth": 50,
            "totalLiquidVolume": 300,
            "shape": "circular",
            "diameter": 5.23,
            "x": 23.38,
            "y": 47.24,
            "z": 9.5
        },
        "E2": {
            "depth": 50,
            "totalLiquidVolume": 300,
            "shape": "circular",
            "diameter": 5.23,
            "x": 23.38,
            "y": 38.24,
            "z": 9.5
        },
        "F2": {
            "depth": 50,
            "totalLiquidVolume": 300,
            "shape": "circular",
            "diameter": 5.23,
            "x": 23.38,
            "y": 29.24,
            "z": 9.5
        },
        "G2": {
            "depth": 50,
            "totalLiquidVolume": 300,
            "shape": "circular",
            "diameter": 5.23,
            "x": 23.38,
            "y": 20.24,
            "z": 9.5
        },
        "H2": {
            "depth": 50,
            "totalLiquidVolume": 300,
            "shape": "circular",
            "diameter": 5.23,
            "x": 23.38,
            "y": 11.24,
            "z": 9.5
        },
        "A3": {
            "depth": 50,
            "totalLiquidVolume": 300,
            "shape": "circular",
            "diameter": 5.23,
            "x": 32.38,
            "y": 74.24,
            "z": 9.5
        },
        "B3": {
            "depth": 50,
            "totalLiquidVolume": 300,
            "shape": "circular",
            "diameter": 5.23,
            "x": 32.38,
            "y": 65.24,
            "z": 9.5
        },
        "C3": {
            "depth": 50,
            "totalLiquidVolume": 300,
            "shape": "circular",
            "diameter": 5.23,
            "x": 32.38,
            "y": 56.24,
            "z": 9.5
        },
        "D3": {
            "depth": 50,
            "totalLiquidVolume": 300,
            "shape": "circular",
            "diameter": 5.23,
            "x": 32.38,
            "y": 47.24,
            "z": 9.5
        },
        "E3": {
            "depth": 50,
            "totalLiquidVolume": 300,
            "shape": "circular",
            "diameter": 5.23,
            "x": 32.38,
            "y": 38.24,
            "z": 9.5
        },
        "F3": {
            "depth": 50,
            "totalLiquidVolume": 300,
            "shape": "circular",
            "diameter": 5.23,
            "x": 32.38,
            "y": 29.24,
            "z": 9.5
        },
        "G3": {
            "depth": 50,
            "totalLiquidVolume": 300,
            "shape": "circular",
            "diameter": 5.23,
            "x": 32.38,
            "y": 20.24,
            "z": 9.5
        },
        "H3": {
            "depth": 50,
            "totalLiquidVolume": 300,
            "shape": "circular",
            "diameter": 5.23,
            "x": 32.38,
            "y": 11.24,
            "z": 9.5
        },
        "A4": {
            "depth": 50,
            "totalLiquidVolume": 300,
            "shape": "circular",
            "diameter": 5.23,
            "x": 41.38,
            "y": 74.24,
            "z": 9.5
        },
        "B4": {
            "depth": 50,
            "totalLiquidVolume": 300,
            "shape": "circular",
            "diameter": 5.23,
            "x": 41.38,
            "y": 65.24,
            "z": 9.5
        },
        "C4": {
            "depth": 50,
            "totalLiquidVolume": 300,
            "shape": "circular",
            "diameter": 5.23,
            "x": 41.38,
            "y": 56.24,
            "z": 9.5
        },
        "D4": {
            "depth": 50,
            "totalLiquidVolume": 300,
            "shape": "circular",
            "diameter": 5.23,
            "x": 41.38,
            "y": 47.24,
            "z": 9.5
        },
        "E4": {
            "depth": 50,
            "totalLiquidVolume": 300,
            "shape": "circular",
            "diameter": 5.23,
            "x": 41.38,
            "y": 38.24,
            "z": 9.5
        },
        "F4": {
            "depth": 50,
            "totalLiquidVolume": 300,
            "shape": "circular",
            "diameter": 5.23,
            "x": 41.38,
            "y": 29.24,
            "z": 9.5
        },
        "G4": {
            "depth": 50,
            "totalLiquidVolume": 300,
            "shape": "circular",
            "diameter": 5.23,
            "x": 41.38,
            "y": 20.24,
            "z": 9.5
        },
        "H4": {
            "depth": 50,
            "totalLiquidVolume": 300,
            "shape": "circular",
            "diameter": 5.23,
            "x": 41.38,
            "y": 11.24,
            "z": 9.5
        },
        "A5": {
            "depth": 50,
            "totalLiquidVolume": 300,
            "shape": "circular",
            "diameter": 5.23,
            "x": 50.38,
            "y": 74.24,
            "z": 9.5
        },
        "B5": {
            "depth": 50,
            "totalLiquidVolume": 300,
            "shape": "circular",
            "diameter": 5.23,
            "x": 50.38,
            "y": 65.24,
            "z": 9.5
        },
        "C5": {
            "depth": 50,
            "totalLiquidVolume": 300,
            "shape": "circular",
            "diameter": 5.23,
            "x": 50.38,
            "y": 56.24,
            "z": 9.5
        },
        "D5": {
            "depth": 50,
            "totalLiquidVolume": 300,
            "shape": "circular",
            "diameter": 5.23,
            "x": 50.38,
            "y": 47.24,
            "z": 9.5
        },
        "E5": {
            "depth": 50,
            "totalLiquidVolume": 300,
            "shape": "circular",
            "diameter": 5.23,
            "x": 50.38,
            "y": 38.24,
            "z": 9.5
        },
        "F5": {
            "depth": 50,
            "totalLiquidVolume": 300,
            "shape": "circular",
            "diameter": 5.23,
            "x": 50.38,
            "y": 29.24,
            "z": 9.5
        },
        "G5": {
            "depth": 50,
            "totalLiquidVolume": 300,
            "shape": "circular",
            "diameter": 5.23,
            "x": 50.38,
            "y": 20.24,
            "z": 9.5
        },
        "H5": {
            "depth": 50,
            "totalLiquidVolume": 300,
            "shape": "circular",
            "diameter": 5.23,
            "x": 50.38,
            "y": 11.24,
            "z": 9.5
        },
        "A6": {
            "depth": 50,
            "totalLiquidVolume": 300,
            "shape": "circular",
            "diameter": 5.23,
            "x": 59.38,
            "y": 74.24,
            "z": 9.5
        },
        "B6": {
            "depth": 50,
            "totalLiquidVolume": 300,
            "shape": "circular",
            "diameter": 5.23,
            "x": 59.38,
            "y": 65.24,
            "z": 9.5
        },
        "C6": {
            "depth": 50,
            "totalLiquidVolume": 300,
            "shape": "circular",
            "diameter": 5.23,
            "x": 59.38,
            "y": 56.24,
            "z": 9.5
        },
        "D6": {
            "depth": 50,
            "totalLiquidVolume": 300,
            "shape": "circular",
            "diameter": 5.23,
            "x": 59.38,
            "y": 47.24,
            "z": 9.5
        },
        "E6": {
            "depth": 50,
            "totalLiquidVolume": 300,
            "shape": "circular",
            "diameter": 5.23,
            "x": 59.38,
            "y": 38.24,
            "z": 9.5
        },
        "F6": {
            "depth": 50,
            "totalLiquidVolume": 300,
            "shape": "circular",
            "diameter": 5.23,
            "x": 59.38,
            "y": 29.24,
            "z": 9.5
        },
        "G6": {
            "depth": 50,
            "totalLiquidVolume": 300,
            "shape": "circular",
            "diameter": 5.23,
            "x": 59.38,
            "y": 20.24,
            "z": 9.5
        },
        "H6": {
            "depth": 50,
            "totalLiquidVolume": 300,
            "shape": "circular",
            "diameter": 5.23,
            "x": 59.38,
            "y": 11.24,
            "z": 9.5
        },
        "A7": {
            "depth": 50,
            "totalLiquidVolume": 300,
            "shape": "circular",
            "diameter": 5.23,
            "x": 68.38,
            "y": 74.24,
            "z": 9.5
        },
        "B7": {
            "depth": 50,
            "totalLiquidVolume": 300,
            "shape": "circular",
            "diameter": 5.23,
            "x": 68.38,
            "y": 65.24,
            "z": 9.5
        },
        "C7": {
            "depth": 50,
            "totalLiquidVolume": 300,
            "shape": "circular",
            "diameter": 5.23,
            "x": 68.38,
            "y": 56.24,
            "z": 9.5
        },
        "D7": {
            "depth": 50,
            "totalLiquidVolume": 300,
            "shape": "circular",
            "diameter": 5.23,
            "x": 68.38,
            "y": 47.24,
            "z": 9.5
        },
        "E7": {
            "depth": 50,
            "totalLiquidVolume": 300,
            "shape": "circular",
            "diameter": 5.23,
            "x": 68.38,
            "y": 38.24,
            "z": 9.5
        },
        "F7": {
            "depth": 50,
            "totalLiquidVolume": 300,
            "shape": "circular",
            "diameter": 5.23,
            "x": 68.38,
            "y": 29.24,
            "z": 9.5
        },
        "G7": {
            "depth": 50,
            "totalLiquidVolume": 300,
            "shape": "circular",
            "diameter": 5.23,
            "x": 68.38,
            "y": 20.24,
            "z": 9.5
        },
        "H7": {
            "depth": 50,
            "totalLiquidVolume": 300,
            "shape": "circular",
            "diameter": 5.23,
            "x": 68.38,
            "y": 11.24,
            "z": 9.5
        },
        "A8": {
            "depth": 50,
            "totalLiquidVolume": 300,
            "shape": "circular",
            "diameter": 5.23,
            "x": 77.38,
            "y": 74.24,
            "z": 9.5
        },
        "B8": {
            "depth": 50,
            "totalLiquidVolume": 300,
            "shape": "circular",
            "diameter": 5.23,
            "x": 77.38,
            "y": 65.24,
            "z": 9.5
        },
        "C8": {
            "depth": 50,
            "totalLiquidVolume": 300,
            "shape": "circular",
            "diameter": 5.23,
            "x": 77.38,
            "y": 56.24,
            "z": 9.5
        },
        "D8": {
            "depth": 50,
            "totalLiquidVolume": 300,
            "shape": "circular",
            "diameter": 5.23,
            "x": 77.38,
            "y": 47.24,
            "z": 9.5
        },
        "E8": {
            "depth": 50,
            "totalLiquidVolume": 300,
            "shape": "circular",
            "diameter": 5.23,
            "x": 77.38,
            "y": 38.24,
            "z": 9.5
        },
        "F8": {
            "depth": 50,
            "totalLiquidVolume": 300,
            "shape": "circular",
            "diameter": 5.23,
            "x": 77.38,
            "y": 29.24,
            "z": 9.5
        },
        "G8": {
            "depth": 50,
            "totalLiquidVolume": 300,
            "shape": "circular",
            "diameter": 5.23,
            "x": 77.38,
            "y": 20.24,
            "z": 9.5
        },
        "H8": {
            "depth": 50,
            "totalLiquidVolume": 300,
            "shape": "circular",
            "diameter": 5.23,
            "x": 77.38,
            "y": 11.24,
            "z": 9.5
        },
        "A9": {
            "depth": 50,
            "totalLiquidVolume": 300,
            "shape": "circular",
            "diameter": 5.23,
            "x": 86.38,
            "y": 74.24,
            "z": 9.5
        },
        "B9": {
            "depth": 50,
            "totalLiquidVolume": 300,
            "shape": "circular",
            "diameter": 5.23,
            "x": 86.38,
            "y": 65.24,
            "z": 9.5
        },
        "C9": {
            "depth": 50,
            "totalLiquidVolume": 300,
            "shape": "circular",
            "diameter": 5.23,
            "x": 86.38,
            "y": 56.24,
            "z": 9.5
        },
        "D9": {
            "depth": 50,
            "totalLiquidVolume": 300,
            "shape": "circular",
            "diameter": 5.23,
            "x": 86.38,
            "y": 47.24,
            "z": 9.5
        },
        "E9": {
            "depth": 50,
            "totalLiquidVolume": 300,
            "shape": "circular",
            "diameter": 5.23,
            "x": 86.38,
            "y": 38.24,
            "z": 9.5
        },
        "F9": {
            "depth": 50,
            "totalLiquidVolume": 300,
            "shape": "circular",
            "diameter": 5.23,
            "x": 86.38,
            "y": 29.24,
            "z": 9.5
        },
        "G9": {
            "depth": 50,
            "totalLiquidVolume": 300,
            "shape": "circular",
            "diameter": 5.23,
            "x": 86.38,
            "y": 20.24,
            "z": 9.5
        },
        "H9": {
            "depth": 50,
            "totalLiquidVolume": 300,
            "shape": "circular",
            "diameter": 5.23,
            "x": 86.38,
            "y": 11.24,
            "z": 9.5
        },
        "A10": {
            "depth": 50,
            "totalLiquidVolume": 300,
            "shape": "circular",
            "diameter": 5.23,
            "x": 95.38,
            "y": 74.24,
            "z": 9.5
        },
        "B10": {
            "depth": 50,
            "totalLiquidVolume": 300,
            "shape": "circular",
            "diameter": 5.23,
            "x": 95.38,
            "y": 65.24,
            "z": 9.5
        },
        "C10": {
            "depth": 50,
            "totalLiquidVolume": 300,
            "shape": "circular",
            "diameter": 5.23,
            "x": 95.38,
            "y": 56.24,
            "z": 9.5
        },
        "D10": {
            "depth": 50,
            "totalLiquidVolume": 300,
            "shape": "circular",
            "diameter": 5.23,
            "x": 95.38,
            "y": 47.24,
            "z": 9.5
        },
        "E10": {
            "depth": 50,
            "totalLiquidVolume": 300,
            "shape": "circular",
            "diameter": 5.23,
            "x": 95.38,
            "y": 38.24,
            "z": 9.5
        },
        "F10": {
            "depth": 50,
            "totalLiquidVolume": 300,
            "shape": "circular",
            "diameter": 5.23,
            "x": 95.38,
            "y": 29.24,
            "z": 9.5
        },
        "G10": {
            "depth": 50,
            "totalLiquidVolume": 300,
            "shape": "circular",
            "diameter": 5.23,
            "x": 95.38,
            "y": 20.24,
            "z": 9.5
        },
        "H10": {
            "depth": 50,
            "totalLiquidVolume": 300,
            "shape": "circular",
            "diameter": 5.23,
            "x": 95.38,
            "y": 11.24,
            "z": 9.5
        },
        "A11": {
            "depth": 50,
            "totalLiquidVolume": 300,
            "shape": "circular",
            "diameter": 5.23,
            "x": 104.38,
            "y": 74.24,
            "z": 9.5
        },
        "B11": {
            "depth": 50,
            "totalLiquidVolume": 300,
            "shape": "circular",
            "diameter": 5.23,
            "x": 104.38,
            "y": 65.24,
            "z": 9.5
        },
        "C11": {
            "depth": 50,
            "totalLiquidVolume": 300,
            "shape": "circular",
            "diameter": 5.23,
            "x": 104.38,
            "y": 56.24,
            "z": 9.5
        },
        "D11": {
            "depth": 50,
            "totalLiquidVolume": 300,
            "shape": "circular",
            "diameter": 5.23,
            "x": 104.38,
            "y": 47.24,
            "z": 9.5
        },
        "E11": {
            "depth": 50,
            "totalLiquidVolume": 300,
            "shape": "circular",
            "diameter": 5.23,
            "x": 104.38,
            "y": 38.24,
            "z": 9.5
        },
        "F11": {
            "depth": 50,
            "totalLiquidVolume": 300,
            "shape": "circular",
            "diameter": 5.23,
            "x": 104.38,
            "y": 29.24,
            "z": 9.5
        },
        "G11": {
            "depth": 50,
            "totalLiquidVolume": 300,
            "shape": "circular",
            "diameter": 5.23,
            "x": 104.38,
            "y": 20.24,
            "z": 9.5
        },
        "H11": {
            "depth": 50,
            "totalLiquidVolume": 300,
            "shape": "circular",
            "diameter": 5.23,
            "x": 104.38,
            "y": 11.24,
            "z": 9.5
        },
        "A12": {
            "depth": 50,
            "totalLiquidVolume": 300,
            "shape": "circular",
            "diameter": 5.23,
            "x": 113.38,
            "y": 74.24,
            "z": 9.5
        },
        "B12": {
            "depth": 50,
            "totalLiquidVolume": 300,
            "shape": "circular",
            "diameter": 5.23,
            "x": 113.38,
            "y": 65.24,
            "z": 9.5
        },
        "C12": {
            "depth": 50,
            "totalLiquidVolume": 300,
            "shape": "circular",
            "diameter": 5.23,
            "x": 113.38,
            "y": 56.24,
            "z": 9.5
        },
        "D12": {
            "depth": 50,
            "totalLiquidVolume": 300,
            "shape": "circular",
            "diameter": 5.23,
            "x": 113.38,
            "y": 47.24,
            "z": 9.5
        },
        "E12": {
            "depth": 50,
            "totalLiquidVolume": 300,
            "shape": "circular",
            "diameter": 5.23,
            "x": 113.38,
            "y": 38.24,
            "z": 9.5
        },
        "F12": {
            "depth": 50,
            "totalLiquidVolume": 300,
            "shape": "circular",
            "diameter": 5.23,
            "x": 113.38,
            "y": 29.24,
            "z": 9.5
        },
        "G12": {
            "depth": 50,
            "totalLiquidVolume": 300,
            "shape": "circular",
            "diameter": 5.23,
            "x": 113.38,
            "y": 20.24,
            "z": 9.5
        },
        "H12": {
            "depth": 50,
            "totalLiquidVolume": 300,
            "shape": "circular",
            "diameter": 5.23,
            "x": 113.38,
            "y": 11.24,
            "z": 9.5
        }
    },
    "groups": [
        {
            "metadata": {
                "wellBottomShape": "v"
            },
            "wells": [
                "A1",
                "B1",
                "C1",
                "D1",
                "E1",
                "F1",
                "G1",
                "H1",
                "A2",
                "B2",
                "C2",
                "D2",
                "E2",
                "F2",
                "G2",
                "H2",
                "A3",
                "B3",
                "C3",
                "D3",
                "E3",
                "F3",
                "G3",
                "H3",
                "A4",
                "B4",
                "C4",
                "D4",
                "E4",
                "F4",
                "G4",
                "H4",
                "A5",
                "B5",
                "C5",
                "D5",
                "E5",
                "F5",
                "G5",
                "H5",
                "A6",
                "B6",
                "C6",
                "D6",
                "E6",
                "F6",
                "G6",
                "H6",
                "A7",
                "B7",
                "C7",
                "D7",
                "E7",
                "F7",
                "G7",
                "H7",
                "A8",
                "B8",
                "C8",
                "D8",
                "E8",
                "F8",
                "G8",
                "H8",
                "A9",
                "B9",
                "C9",
                "D9",
                "E9",
                "F9",
                "G9",
                "H9",
                "A10",
                "B10",
                "C10",
                "D10",
                "E10",
                "F10",
                "G10",
                "H10",
                "A11",
                "B11",
                "C11",
                "D11",
                "E11",
                "F11",
                "G11",
                "H11",
                "A12",
                "B12",
                "C12",
                "D12",
                "E12",
                "F12",
                "G12",
                "H12"
            ]
        }
    ],
    "parameters": {
        "format": "irregular",
        "quirks": [],
        "isTiprack": false,
        "isMagneticModuleCompatible": false,
        "loadName": "tipone_96_diytiprack_200ul"
    },
    "namespace": "custom_beta",
    "version": 1,
    "schemaVersion": 2,
    "cornerOffsetFromSlot": {
        "x": 0,
        "y": 0,
        "z": 0
    }
}